squad,shots,total_xg,xg_per_shot
 Chelsea,13,1.22,0.09384615384615384
 Newcastle Utd,10,2.49,0.24900000000000003
