squad,shots,total_xg,xg_per_shot
 Aston Villa,12,1.51,0.12583333333333332
 Manchester Utd,13,1.1400000000000001,0.08769230769230771
